area_id,sex,age_group,year,calendar_quarter,current_art
MWI_4_20,both,00-14,2011,CY2011Q4,464.09999999999997
MWI_4_20,both,00-14,2012,CY2012Q4,603.3
MWI_4_20,both,00-14,2013,CY2013Q4,725.6999999999999
MWI_4_20,both,00-14,2014,CY2014Q4,862.5
MWI_4_20,both,00-14,2015,CY2015Q4,973.26
MWI_4_20,both,00-14,2016,CY2016Q4,1099.8
MWI_4_20,both,00-14,2017,CY2017Q4,1198.98
MWI_4_20,both,00-14,2018,CY2018Q4,1258.9199999999998
MWI_4_26,both,00-14,2011,CY2011Q4,689.88
MWI_4_26,both,00-14,2012,CY2012Q4,820.3199999999999
MWI_4_26,both,00-14,2013,CY2013Q4,959.04
MWI_4_26,both,00-14,2014,CY2014Q4,1079.76
MWI_4_26,both,00-14,2015,CY2015Q4,1187.3999999999999
MWI_4_26,both,00-14,2016,CY2016Q4,1365.3
MWI_4_26,both,00-14,2017,CY2017Q4,1481.76
MWI_4_26,both,00-14,2018,CY2018Q4,1602.48
MWI_4_29,both,00-14,2011,CY2011Q4,1638.1799999999998
MWI_4_29,both,00-14,2012,CY2012Q4,1995.72
MWI_4_29,both,00-14,2013,CY2013Q4,2262.6
MWI_4_29,both,00-14,2014,CY2014Q4,2541.48
MWI_4_29,both,00-14,2015,CY2015Q4,2824.2599999999998
MWI_4_29,both,00-14,2016,CY2016Q4,3180.18
MWI_4_29,both,00-14,2017,CY2017Q4,3502.2
MWI_4_29,both,00-14,2018,CY2018Q4,3873.42
MWI_4_31,both,00-14,2011,CY2011Q4,590.64
MWI_4_31,both,00-14,2012,CY2012Q4,781.1999999999999
MWI_4_31,both,00-14,2013,CY2013Q4,907.86
MWI_4_31,both,00-14,2014,CY2014Q4,1066.32
MWI_4_31,both,00-14,2015,CY2015Q4,1175.52
MWI_4_31,both,00-14,2016,CY2016Q4,1379.6399999999999
MWI_4_31,both,00-14,2017,CY2017Q4,1530.72
MWI_4_31,both,00-14,2018,CY2018Q4,1718.58
MWI_4_28,both,00-14,2011,CY2011Q4,1471.3799999999999
MWI_4_28,both,00-14,2012,CY2012Q4,1705.74
MWI_4_28,both,00-14,2013,CY2013Q4,1532.94
MWI_4_28,both,00-14,2014,CY2014Q4,2012.8799999999999
MWI_4_28,both,00-14,2015,CY2015Q4,2061.54
MWI_4_28,both,00-14,2016,CY2016Q4,2234.1
MWI_4_28,both,00-14,2017,CY2017Q4,2335.14
MWI_4_28,both,00-14,2018,CY2018Q4,2374.08
MWI_4_1,both,00-14,2011,CY2011Q4,126.96
MWI_4_1,both,00-14,2012,CY2012Q4,159.78
MWI_4_1,both,00-14,2013,CY2013Q4,194.45999999999998
MWI_4_1,both,00-14,2014,CY2014Q4,218.82
MWI_4_1,both,00-14,2015,CY2015Q4,255.84
MWI_4_1,both,00-14,2016,CY2016Q4,289.56
MWI_4_1,both,00-14,2017,CY2017Q4,298.8
MWI_4_1,both,00-14,2018,CY2018Q4,358.32
MWI_4_16,both,00-14,2011,CY2011Q4,419.76
MWI_4_16,both,00-14,2012,CY2012Q4,510.47999999999996
MWI_4_16,both,00-14,2013,CY2013Q4,599.88
MWI_4_16,both,00-14,2014,CY2014Q4,711.36
MWI_4_16,both,00-14,2015,CY2015Q4,798.78
MWI_4_16,both,00-14,2016,CY2016Q4,946.74
MWI_4_16,both,00-14,2017,CY2017Q4,1061.94
MWI_4_16,both,00-14,2018,CY2018Q4,1135.9199999999998
MWI_4_11,both,00-14,2011,CY2011Q4,396.59999999999997
MWI_4_11,both,00-14,2012,CY2012Q4,469.38
MWI_4_11,both,00-14,2013,CY2013Q4,523.0799999999999
MWI_4_11,both,00-14,2014,CY2014Q4,576.54
MWI_4_11,both,00-14,2015,CY2015Q4,608.4
MWI_4_11,both,00-14,2016,CY2016Q4,679.1999999999999
MWI_4_11,both,00-14,2017,CY2017Q4,717.66
MWI_4_11,both,00-14,2018,CY2018Q4,770.04
MWI_4_2,both,00-14,2011,CY2011Q4,340.38
MWI_4_2,both,00-14,2012,CY2012Q4,460.44
MWI_4_2,both,00-14,2013,CY2013Q4,522.84
MWI_4_2,both,00-14,2014,CY2014Q4,570.66
MWI_4_2,both,00-14,2015,CY2015Q4,627.3
MWI_4_2,both,00-14,2016,CY2016Q4,725.76
MWI_4_2,both,00-14,2017,CY2017Q4,756.06
MWI_4_2,both,00-14,2018,CY2018Q4,824.4
MWI_4_9,both,00-14,2011,CY2011Q4,396.78
MWI_4_9,both,00-14,2012,CY2012Q4,479.46
MWI_4_9,both,00-14,2013,CY2013Q4,579.18
MWI_4_9,both,00-14,2014,CY2014Q4,682.86
MWI_4_9,both,00-14,2015,CY2015Q4,757.14
MWI_4_9,both,00-14,2016,CY2016Q4,847.5
MWI_4_9,both,00-14,2017,CY2017Q4,939
MWI_4_9,both,00-14,2018,CY2018Q4,1032
MWI_4_7,both,00-14,2011,CY2011Q4,14.1
MWI_4_7,both,00-14,2013,CY2013Q4,23.22
MWI_4_7,both,00-14,2014,CY2014Q4,24.48
MWI_4_7,both,00-14,2015,CY2015Q4,27.779999999999998
MWI_4_7,both,00-14,2016,CY2016Q4,33.18
MWI_4_7,both,00-14,2017,CY2017Q4,36.839999999999996
MWI_4_7,both,00-14,2018,CY2018Q4,40.5
MWI_4_15,both,00-14,2011,CY2011Q4,502.56
MWI_4_15,both,00-14,2012,CY2012Q4,611.6999999999999
MWI_4_15,both,00-14,2013,CY2013Q4,725.4599999999999
MWI_4_15,both,00-14,2014,CY2014Q4,859.8
MWI_4_15,both,00-14,2015,CY2015Q4,950.0999999999999
MWI_4_15,both,00-14,2016,CY2016Q4,1116.3
MWI_4_15,both,00-14,2017,CY2017Q4,1282.02
MWI_4_15,both,00-14,2018,CY2018Q4,1380.72
MWI_4_14,both,00-14,2011,CY2011Q4,2283.9
MWI_4_14,both,00-14,2012,CY2012Q4,2630.52
MWI_4_14,both,00-14,2013,CY2013Q4,2966.88
MWI_4_14,both,00-14,2014,CY2014Q4,3328.14
MWI_4_14,both,00-14,2015,CY2015Q4,3648.6
MWI_4_14,both,00-14,2016,CY2016Q4,4093.2
MWI_4_14,both,00-14,2017,CY2017Q4,4446.78
MWI_4_14,both,00-14,2018,CY2018Q4,4722.24
MWI_4_19,both,00-14,2011,CY2011Q4,682.56
MWI_4_19,both,00-14,2012,CY2012Q4,872.4
MWI_4_19,both,00-14,2013,CY2013Q4,992.52
MWI_4_19,both,00-14,2014,CY2014Q4,1151.3999999999999
MWI_4_19,both,00-14,2015,CY2015Q4,1313.28
MWI_4_19,both,00-14,2016,CY2016Q4,1435.1399999999999
MWI_4_19,both,00-14,2017,CY2017Q4,1689
MWI_4_19,both,00-14,2018,CY2018Q4,1825.6799999999998
MWI_4_18,both,00-14,2011,CY2011Q4,913.38
MWI_4_18,both,00-14,2012,CY2012Q4,1224.18
MWI_4_18,both,00-14,2013,CY2013Q4,1473.78
MWI_4_18,both,00-14,2014,CY2014Q4,1779
MWI_4_18,both,00-14,2015,CY2015Q4,2019.96
MWI_4_18,both,00-14,2016,CY2016Q4,2422.08
MWI_4_18,both,00-14,2017,CY2017Q4,2852.3399999999997
MWI_4_18,both,00-14,2018,CY2018Q4,3168.06
MWI_4_13,both,00-14,2011,CY2011Q4,345
MWI_4_13,both,00-14,2012,CY2012Q4,443.52
MWI_4_13,both,00-14,2013,CY2013Q4,533.16
MWI_4_13,both,00-14,2014,CY2014Q4,622.4399999999999
MWI_4_13,both,00-14,2015,CY2015Q4,712.68
MWI_4_13,both,00-14,2016,CY2016Q4,843.9599999999999
MWI_4_13,both,00-14,2017,CY2017Q4,928.14
MWI_4_13,both,00-14,2018,CY2018Q4,1011.12
MWI_4_24,both,00-14,2011,CY2011Q4,875.1
MWI_4_24,both,00-14,2012,CY2012Q4,1246.2
MWI_4_24,both,00-14,2013,CY2013Q4,1575.3
MWI_4_24,both,00-14,2014,CY2014Q4,2006.6999999999998
MWI_4_24,both,00-14,2015,CY2015Q4,2249.64
MWI_4_24,both,00-14,2016,CY2016Q4,2687.58
MWI_4_24,both,00-14,2017,CY2017Q4,2951.7599999999998
MWI_4_24,both,00-14,2018,CY2018Q4,3225.18
MWI_4_27,both,00-14,2011,CY2011Q4,169.85999999999999
MWI_4_27,both,00-14,2012,CY2012Q4,197.88
MWI_4_27,both,00-14,2013,CY2013Q4,219.48
MWI_4_27,both,00-14,2014,CY2014Q4,243.35999999999999
MWI_4_27,both,00-14,2015,CY2015Q4,270.24
MWI_4_27,both,00-14,2016,CY2016Q4,310.86
MWI_4_27,both,00-14,2017,CY2017Q4,338.76
MWI_4_27,both,00-14,2018,CY2018Q4,361.97999999999996
MWI_4_6,both,00-14,2011,CY2011Q4,509.52
MWI_4_6,both,00-14,2012,CY2012Q4,687.18
MWI_4_6,both,00-14,2013,CY2013Q4,835.0799999999999
MWI_4_6,both,00-14,2014,CY2014Q4,973.0799999999999
MWI_4_6,both,00-14,2015,CY2015Q4,1089.42
MWI_4_6,both,00-14,2016,CY2016Q4,1254.84
MWI_4_6,both,00-14,2017,CY2017Q4,1370.7
MWI_4_6,both,00-14,2018,CY2018Q4,1496.46
MWI_4_4,both,00-14,2011,CY2011Q4,535.26
MWI_4_4,both,00-14,2012,CY2012Q4,588.78
MWI_4_4,both,00-14,2013,CY2013Q4,621.66
MWI_4_4,both,00-14,2014,CY2014Q4,719.5799999999999
MWI_4_4,both,00-14,2015,CY2015Q4,747.3
MWI_4_4,both,00-14,2016,CY2016Q4,841.26
MWI_4_4,both,00-14,2017,CY2017Q4,885.42
MWI_4_4,both,00-14,2018,CY2018Q4,938.04
MWI_4_25,both,00-14,2011,CY2011Q4,244.79999999999998
MWI_4_25,both,00-14,2012,CY2012Q4,305.76
MWI_4_25,both,00-14,2013,CY2013Q4,350.7
MWI_4_25,both,00-14,2014,CY2014Q4,394.97999999999996
MWI_4_25,both,00-14,2015,CY2015Q4,424.44
MWI_4_25,both,00-14,2016,CY2016Q4,459.06
MWI_4_25,both,00-14,2017,CY2017Q4,486.41999999999996
MWI_4_25,both,00-14,2018,CY2018Q4,501.24
MWI_4_5,both,00-14,2011,CY2011Q4,232.01999999999998
MWI_4_5,both,00-14,2012,CY2012Q4,291.96
MWI_4_5,both,00-14,2013,CY2013Q4,348.18
MWI_4_5,both,00-14,2014,CY2014Q4,402.47999999999996
MWI_4_5,both,00-14,2015,CY2015Q4,446.34
MWI_4_5,both,00-14,2016,CY2016Q4,493.85999999999996
MWI_4_5,both,00-14,2017,CY2017Q4,533.9399999999999
MWI_4_5,both,00-14,2018,CY2018Q4,581.8199999999999
MWI_4_8,both,00-14,2011,CY2011Q4,330.36
MWI_4_8,both,00-14,2012,CY2012Q4,379.32
MWI_4_8,both,00-14,2013,CY2013Q4,437.21999999999997
MWI_4_8,both,00-14,2014,CY2014Q4,494.88
MWI_4_8,both,00-14,2015,CY2015Q4,556.0799999999999
MWI_4_8,both,00-14,2016,CY2016Q4,615.48
MWI_4_8,both,00-14,2017,CY2017Q4,685.74
MWI_4_8,both,00-14,2018,CY2018Q4,723.9599999999999
MWI_4_32,both,00-14,2011,CY2011Q4,450.47999999999996
MWI_4_32,both,00-14,2012,CY2012Q4,583.5
MWI_4_32,both,00-14,2013,CY2013Q4,713.8199999999999
MWI_4_32,both,00-14,2014,CY2014Q4,823.74
MWI_4_32,both,00-14,2015,CY2015Q4,945.24
MWI_4_32,both,00-14,2016,CY2016Q4,1038.42
MWI_4_32,both,00-14,2017,CY2017Q4,1202.94
MWI_4_32,both,00-14,2018,CY2018Q4,1288.5
MWI_4_17,both,00-14,2011,CY2011Q4,555.3
MWI_4_17,both,00-14,2012,CY2012Q4,729.9
MWI_4_17,both,00-14,2013,CY2013Q4,871.8
MWI_4_17,both,00-14,2014,CY2014Q4,999.06
MWI_4_17,both,00-14,2015,CY2015Q4,1100.46
MWI_4_17,both,00-14,2016,CY2016Q4,1316.58
MWI_4_17,both,00-14,2017,CY2017Q4,1454.8799999999999
MWI_4_17,both,00-14,2018,CY2018Q4,1574.7
MWI_4_10,both,00-14,2011,CY2011Q4,145.68
MWI_4_10,both,00-14,2012,CY2012Q4,166.44
MWI_4_10,both,00-14,2013,CY2013Q4,182.82
MWI_4_10,both,00-14,2014,CY2014Q4,203.4
MWI_4_10,both,00-14,2015,CY2015Q4,224.82
MWI_4_10,both,00-14,2016,CY2016Q4,240.42
MWI_4_10,both,00-14,2017,CY2017Q4,263.09999999999997
MWI_4_10,both,00-14,2018,CY2018Q4,276.53999999999996
MWI_4_23,both,00-14,2011,CY2011Q4,510.84
MWI_4_23,both,00-14,2012,CY2012Q4,823.0799999999999
MWI_4_23,both,00-14,2013,CY2013Q4,1081.5
MWI_4_23,both,00-14,2014,CY2014Q4,1234.44
MWI_4_23,both,00-14,2015,CY2015Q4,1412.7
MWI_4_23,both,00-14,2016,CY2016Q4,1579.1399999999999
MWI_4_23,both,00-14,2017,CY2017Q4,1772.8799999999999
MWI_4_23,both,00-14,2018,CY2018Q4,1976.28
MWI_4_3,both,00-14,2011,CY2011Q4,273.3
MWI_4_3,both,00-14,2012,CY2012Q4,287.7
MWI_4_3,both,00-14,2013,CY2013Q4,322.2
MWI_4_3,both,00-14,2014,CY2014Q4,359.34
MWI_4_3,both,00-14,2015,CY2015Q4,402.65999999999997
MWI_4_3,both,00-14,2016,CY2016Q4,425.7
MWI_4_3,both,00-14,2017,CY2017Q4,445.56
MWI_4_3,both,00-14,2018,CY2018Q4,498.96
MWI_4_12,both,00-14,2011,CY2011Q4,389.7
MWI_4_12,both,00-14,2012,CY2012Q4,477.96
MWI_4_12,both,00-14,2013,CY2013Q4,541.8
MWI_4_12,both,00-14,2014,CY2014Q4,637.68
MWI_4_12,both,00-14,2015,CY2015Q4,714.12
MWI_4_12,both,00-14,2016,CY2016Q4,823.0799999999999
MWI_4_12,both,00-14,2017,CY2017Q4,920.4599999999999
MWI_4_12,both,00-14,2018,CY2018Q4,976.5
MWI_4_30,both,00-14,2011,CY2011Q4,1470.8999999999999
MWI_4_30,both,00-14,2012,CY2012Q4,1895.52
MWI_4_30,both,00-14,2013,CY2013Q4,2208.84
MWI_4_30,both,00-14,2014,CY2014Q4,2402.94
MWI_4_30,both,00-14,2015,CY2015Q4,2594.4
MWI_4_30,both,00-14,2016,CY2016Q4,2889.54
MWI_4_30,both,00-14,2017,CY2017Q4,3060
MWI_4_30,both,00-14,2018,CY2018Q4,3233.22
MWI_4_22,both,00-14,2011,CY2011Q4,753.9599999999999
MWI_4_22,both,00-14,2012,CY2012Q4,1022.8199999999999
MWI_4_22,both,00-14,2013,CY2013Q4,1238.34
MWI_4_22,both,00-14,2014,CY2014Q4,1502.52
MWI_4_22,both,00-14,2015,CY2015Q4,1678.74
MWI_4_22,both,00-14,2016,CY2016Q4,1955.3999999999999
MWI_4_22,both,00-14,2017,CY2017Q4,2199.18
MWI_4_22,both,00-14,2018,CY2018Q4,2340
MWI_4_21,both,00-14,2011,CY2011Q4,605.64
MWI_4_21,both,00-14,2012,CY2012Q4,592.86
MWI_4_21,both,00-14,2013,CY2013Q4,629.28
MWI_4_21,both,00-14,2014,CY2014Q4,700.62
MWI_4_21,both,00-14,2015,CY2015Q4,731.28
MWI_4_21,both,00-14,2016,CY2016Q4,784.14
MWI_4_21,both,00-14,2017,CY2017Q4,831.9
MWI_4_21,both,00-14,2018,CY2018Q4,841.98
MWI_4_20,both,15+,2011,CY2011Q4,7270.9
MWI_4_20,both,15+,2012,CY2012Q4,9451.699999999999
MWI_4_20,both,15+,2013,CY2013Q4,11369.3
MWI_4_20,both,15+,2014,CY2014Q4,13512.5
MWI_4_20,both,15+,2015,CY2015Q4,15247.74
MWI_4_20,both,15+,2016,CY2016Q4,17230.2
MWI_4_20,both,15+,2017,CY2017Q4,18784.02
MWI_4_20,both,15+,2018,CY2018Q4,19723.079999999998
MWI_4_26,both,15+,2011,CY2011Q4,10808.119999999999
MWI_4_26,both,15+,2012,CY2012Q4,12851.679999999998
MWI_4_26,both,15+,2013,CY2013Q4,15024.96
MWI_4_26,both,15+,2014,CY2014Q4,16916.239999999998
MWI_4_26,both,15+,2015,CY2015Q4,18602.6
MWI_4_26,both,15+,2016,CY2016Q4,21389.699999999997
MWI_4_26,both,15+,2017,CY2017Q4,23214.239999999998
MWI_4_26,both,15+,2018,CY2018Q4,25105.519999999997
MWI_4_29,both,15+,2011,CY2011Q4,25664.82
MWI_4_29,both,15+,2012,CY2012Q4,31266.28
MWI_4_29,both,15+,2013,CY2013Q4,35447.4
MWI_4_29,both,15+,2014,CY2014Q4,39816.52
MWI_4_29,both,15+,2015,CY2015Q4,44246.74
MWI_4_29,both,15+,2016,CY2016Q4,49822.82
MWI_4_29,both,15+,2017,CY2017Q4,54867.799999999996
MWI_4_29,both,15+,2018,CY2018Q4,60683.579999999994
MWI_4_31,both,15+,2011,CY2011Q4,9253.359999999999
MWI_4_31,both,15+,2012,CY2012Q4,12238.8
MWI_4_31,both,15+,2013,CY2013Q4,14223.14
MWI_4_31,both,15+,2014,CY2014Q4,16705.68
MWI_4_31,both,15+,2015,CY2015Q4,18416.48
MWI_4_31,both,15+,2016,CY2016Q4,21614.36
MWI_4_31,both,15+,2017,CY2017Q4,23981.28
MWI_4_31,both,15+,2018,CY2018Q4,26924.42
MWI_4_28,both,15+,2011,CY2011Q4,23051.62
MWI_4_28,both,15+,2012,CY2012Q4,26723.26
MWI_4_28,both,15+,2013,CY2013Q4,24016.059999999998
MWI_4_28,both,15+,2014,CY2014Q4,31535.12
MWI_4_28,both,15+,2015,CY2015Q4,32297.46
MWI_4_28,both,15+,2016,CY2016Q4,35000.9
MWI_4_28,both,15+,2017,CY2017Q4,36583.86
MWI_4_28,both,15+,2018,CY2018Q4,37193.92
MWI_4_1,both,15+,2011,CY2011Q4,1989.04
MWI_4_1,both,15+,2012,CY2012Q4,2503.22
MWI_4_1,both,15+,2013,CY2013Q4,3046.54
MWI_4_1,both,15+,2014,CY2014Q4,3428.18
MWI_4_1,both,15+,2015,CY2015Q4,4008.16
MWI_4_1,both,15+,2016,CY2016Q4,4536.44
MWI_4_1,both,15+,2017,CY2017Q4,4681.2
MWI_4_1,both,15+,2018,CY2018Q4,5613.679999999999
MWI_4_16,both,15+,2011,CY2011Q4,6576.24
MWI_4_16,both,15+,2012,CY2012Q4,7997.5199999999995
MWI_4_16,both,15+,2013,CY2013Q4,9398.119999999999
MWI_4_16,both,15+,2014,CY2014Q4,11144.64
MWI_4_16,both,15+,2015,CY2015Q4,12514.22
MWI_4_16,both,15+,2016,CY2016Q4,14832.259999999998
MWI_4_16,both,15+,2017,CY2017Q4,16637.059999999998
MWI_4_16,both,15+,2018,CY2018Q4,17796.079999999998
MWI_4_11,both,15+,2011,CY2011Q4,6213.4
MWI_4_11,both,15+,2012,CY2012Q4,7353.62
MWI_4_11,both,15+,2013,CY2013Q4,8194.92
MWI_4_11,both,15+,2014,CY2014Q4,9032.46
MWI_4_11,both,15+,2015,CY2015Q4,9531.6
MWI_4_11,both,15+,2016,CY2016Q4,10640.8
MWI_4_11,both,15+,2017,CY2017Q4,11243.34
MWI_4_11,both,15+,2018,CY2018Q4,12063.96
MWI_4_2,both,15+,2011,CY2011Q4,5332.62
MWI_4_2,both,15+,2012,CY2012Q4,7213.5599999999995
MWI_4_2,both,15+,2013,CY2013Q4,8191.16
MWI_4_2,both,15+,2014,CY2014Q4,8940.34
MWI_4_2,both,15+,2015,CY2015Q4,9827.699999999999
MWI_4_2,both,15+,2016,CY2016Q4,11370.24
MWI_4_2,both,15+,2017,CY2017Q4,11844.939999999999
MWI_4_2,both,15+,2018,CY2018Q4,12915.599999999999
MWI_4_9,both,15+,2011,CY2011Q4,6216.219999999999
MWI_4_9,both,15+,2012,CY2012Q4,7511.54
MWI_4_9,both,15+,2013,CY2013Q4,9073.82
MWI_4_9,both,15+,2014,CY2014Q4,10698.14
MWI_4_9,both,15+,2015,CY2015Q4,11861.859999999999
MWI_4_9,both,15+,2016,CY2016Q4,13277.5
MWI_4_9,both,15+,2017,CY2017Q4,14711
MWI_4_9,both,15+,2018,CY2018Q4,16167.999999999998
MWI_4_7,both,15+,2011,CY2011Q4,220.89999999999998
MWI_4_7,both,15+,2013,CY2013Q4,363.78
MWI_4_7,both,15+,2014,CY2014Q4,383.52
MWI_4_7,both,15+,2015,CY2015Q4,435.21999999999997
MWI_4_7,both,15+,2016,CY2016Q4,519.8199999999999
MWI_4_7,both,15+,2017,CY2017Q4,577.16
MWI_4_7,both,15+,2018,CY2018Q4,634.5
MWI_4_15,both,15+,2011,CY2011Q4,7873.44
MWI_4_15,both,15+,2012,CY2012Q4,9583.3
MWI_4_15,both,15+,2013,CY2013Q4,11365.539999999999
MWI_4_15,both,15+,2014,CY2014Q4,13470.199999999999
MWI_4_15,both,15+,2015,CY2015Q4,14884.9
MWI_4_15,both,15+,2016,CY2016Q4,17488.7
MWI_4_15,both,15+,2017,CY2017Q4,20084.98
MWI_4_15,both,15+,2018,CY2018Q4,21631.28
MWI_4_14,both,15+,2011,CY2011Q4,35781.1
MWI_4_14,both,15+,2012,CY2012Q4,41211.479999999996
MWI_4_14,both,15+,2013,CY2013Q4,46481.119999999995
MWI_4_14,both,15+,2014,CY2014Q4,52140.86
MWI_4_14,both,15+,2015,CY2015Q4,57161.399999999994
MWI_4_14,both,15+,2016,CY2016Q4,64126.799999999996
MWI_4_14,both,15+,2017,CY2017Q4,69666.22
MWI_4_14,both,15+,2018,CY2018Q4,73981.76
MWI_4_19,both,15+,2011,CY2011Q4,10693.439999999999
MWI_4_19,both,15+,2012,CY2012Q4,13667.599999999999
MWI_4_19,both,15+,2013,CY2013Q4,15549.48
MWI_4_19,both,15+,2014,CY2014Q4,18038.6
MWI_4_19,both,15+,2015,CY2015Q4,20574.719999999998
MWI_4_19,both,15+,2016,CY2016Q4,22483.859999999997
MWI_4_19,both,15+,2017,CY2017Q4,26461
MWI_4_19,both,15+,2018,CY2018Q4,28602.32
MWI_4_18,both,15+,2011,CY2011Q4,14309.619999999999
MWI_4_18,both,15+,2012,CY2012Q4,19178.82
MWI_4_18,both,15+,2013,CY2013Q4,23089.219999999998
MWI_4_18,both,15+,2014,CY2014Q4,27871
MWI_4_18,both,15+,2015,CY2015Q4,31646.039999999997
MWI_4_18,both,15+,2016,CY2016Q4,37945.92
MWI_4_18,both,15+,2017,CY2017Q4,44686.659999999996
MWI_4_18,both,15+,2018,CY2018Q4,49632.939999999995
MWI_4_13,both,15+,2011,CY2011Q4,5405
MWI_4_13,both,15+,2012,CY2012Q4,6948.48
MWI_4_13,both,15+,2013,CY2013Q4,8352.84
MWI_4_13,both,15+,2014,CY2014Q4,9751.56
MWI_4_13,both,15+,2015,CY2015Q4,11165.32
MWI_4_13,both,15+,2016,CY2016Q4,13222.039999999999
MWI_4_13,both,15+,2017,CY2017Q4,14540.859999999999
MWI_4_13,both,15+,2018,CY2018Q4,15840.88
MWI_4_24,both,15+,2011,CY2011Q4,13709.9
MWI_4_24,both,15+,2012,CY2012Q4,19523.8
MWI_4_24,both,15+,2013,CY2013Q4,24679.699999999997
MWI_4_24,both,15+,2014,CY2014Q4,31438.3
MWI_4_24,both,15+,2015,CY2015Q4,35244.36
MWI_4_24,both,15+,2016,CY2016Q4,42105.42
MWI_4_24,both,15+,2017,CY2017Q4,46244.24
MWI_4_24,both,15+,2018,CY2018Q4,50527.82
MWI_4_27,both,15+,2011,CY2011Q4,2661.14
MWI_4_27,both,15+,2012,CY2012Q4,3100.12
MWI_4_27,both,15+,2013,CY2013Q4,3438.52
MWI_4_27,both,15+,2014,CY2014Q4,3812.64
MWI_4_27,both,15+,2015,CY2015Q4,4233.759999999999
MWI_4_27,both,15+,2016,CY2016Q4,4870.139999999999
MWI_4_27,both,15+,2017,CY2017Q4,5307.24
MWI_4_27,both,15+,2018,CY2018Q4,5671.0199999999995
MWI_4_6,both,15+,2011,CY2011Q4,7982.48
MWI_4_6,both,15+,2012,CY2012Q4,10765.82
MWI_4_6,both,15+,2013,CY2013Q4,13082.92
MWI_4_6,both,15+,2014,CY2014Q4,15244.919999999998
MWI_4_6,both,15+,2015,CY2015Q4,17067.579999999998
MWI_4_6,both,15+,2016,CY2016Q4,19659.16
MWI_4_6,both,15+,2017,CY2017Q4,21474.3
MWI_4_6,both,15+,2018,CY2018Q4,23444.539999999997
MWI_4_4,both,15+,2011,CY2011Q4,8385.74
MWI_4_4,both,15+,2012,CY2012Q4,9224.22
MWI_4_4,both,15+,2013,CY2013Q4,9739.34
MWI_4_4,both,15+,2014,CY2014Q4,11273.42
MWI_4_4,both,15+,2015,CY2015Q4,11707.699999999999
MWI_4_4,both,15+,2016,CY2016Q4,13179.74
MWI_4_4,both,15+,2017,CY2017Q4,13871.58
MWI_4_4,both,15+,2018,CY2018Q4,14695.96
MWI_4_25,both,15+,2011,CY2011Q4,3835.2
MWI_4_25,both,15+,2012,CY2012Q4,4790.24
MWI_4_25,both,15+,2013,CY2013Q4,5494.299999999999
MWI_4_25,both,15+,2014,CY2014Q4,6188.0199999999995
MWI_4_25,both,15+,2015,CY2015Q4,6649.5599999999995
MWI_4_25,both,15+,2016,CY2016Q4,7191.94
MWI_4_25,both,15+,2017,CY2017Q4,7620.58
MWI_4_25,both,15+,2018,CY2018Q4,7852.759999999999
MWI_4_5,both,15+,2011,CY2011Q4,3634.98
MWI_4_5,both,15+,2012,CY2012Q4,4574.04
MWI_4_5,both,15+,2013,CY2013Q4,5454.82
MWI_4_5,both,15+,2014,CY2014Q4,6305.5199999999995
MWI_4_5,both,15+,2015,CY2015Q4,6992.66
MWI_4_5,both,15+,2016,CY2016Q4,7737.139999999999
MWI_4_5,both,15+,2017,CY2017Q4,8365.06
MWI_4_5,both,15+,2018,CY2018Q4,9115.18
MWI_4_8,both,15+,2011,CY2011Q4,5175.639999999999
MWI_4_8,both,15+,2012,CY2012Q4,5942.679999999999
MWI_4_8,both,15+,2013,CY2013Q4,6849.78
MWI_4_8,both,15+,2014,CY2014Q4,7753.12
MWI_4_8,both,15+,2015,CY2015Q4,8711.92
MWI_4_8,both,15+,2016,CY2016Q4,9642.519999999999
MWI_4_8,both,15+,2017,CY2017Q4,10743.26
MWI_4_8,both,15+,2018,CY2018Q4,11342.039999999999
MWI_4_32,both,15+,2011,CY2011Q4,7057.5199999999995
MWI_4_32,both,15+,2012,CY2012Q4,9141.5
MWI_4_32,both,15+,2013,CY2013Q4,11183.179999999998
MWI_4_32,both,15+,2014,CY2014Q4,12905.259999999998
MWI_4_32,both,15+,2015,CY2015Q4,14808.759999999998
MWI_4_32,both,15+,2016,CY2016Q4,16268.58
MWI_4_32,both,15+,2017,CY2017Q4,18846.059999999998
MWI_4_32,both,15+,2018,CY2018Q4,20186.5
MWI_4_17,both,15+,2011,CY2011Q4,8699.699999999999
MWI_4_17,both,15+,2012,CY2012Q4,11435.099999999999
MWI_4_17,both,15+,2013,CY2013Q4,13658.199999999999
MWI_4_17,both,15+,2014,CY2014Q4,15651.939999999999
MWI_4_17,both,15+,2015,CY2015Q4,17240.539999999997
MWI_4_17,both,15+,2016,CY2016Q4,20626.42
MWI_4_17,both,15+,2017,CY2017Q4,22793.12
MWI_4_17,both,15+,2018,CY2018Q4,24670.3
MWI_4_10,both,15+,2011,CY2011Q4,2282.3199999999997
MWI_4_10,both,15+,2012,CY2012Q4,2607.56
MWI_4_10,both,15+,2013,CY2013Q4,2864.18
MWI_4_10,both,15+,2014,CY2014Q4,3186.6
MWI_4_10,both,15+,2015,CY2015Q4,3522.18
MWI_4_10,both,15+,2016,CY2016Q4,3766.58
MWI_4_10,both,15+,2017,CY2017Q4,4121.9
MWI_4_10,both,15+,2018,CY2018Q4,4332.46
MWI_4_23,both,15+,2011,CY2011Q4,8003.16
MWI_4_23,both,15+,2012,CY2012Q4,12894.92
MWI_4_23,both,15+,2013,CY2013Q4,16943.5
MWI_4_23,both,15+,2014,CY2014Q4,19339.559999999998
MWI_4_23,both,15+,2015,CY2015Q4,22132.3
MWI_4_23,both,15+,2016,CY2016Q4,24739.859999999997
MWI_4_23,both,15+,2017,CY2017Q4,27775.12
MWI_4_23,both,15+,2018,CY2018Q4,30961.719999999998
MWI_4_3,both,15+,2011,CY2011Q4,4281.7
MWI_4_3,both,15+,2012,CY2012Q4,4507.3
MWI_4_3,both,15+,2013,CY2013Q4,5047.799999999999
MWI_4_3,both,15+,2014,CY2014Q4,5629.66
MWI_4_3,both,15+,2015,CY2015Q4,6308.339999999999
MWI_4_3,both,15+,2016,CY2016Q4,6669.299999999999
MWI_4_3,both,15+,2017,CY2017Q4,6980.44
MWI_4_3,both,15+,2018,CY2018Q4,7817.04
MWI_4_12,both,15+,2011,CY2011Q4,6105.299999999999
MWI_4_12,both,15+,2012,CY2012Q4,7488.04
MWI_4_12,both,15+,2013,CY2013Q4,8488.199999999999
MWI_4_12,both,15+,2014,CY2014Q4,9990.32
MWI_4_12,both,15+,2015,CY2015Q4,11187.88
MWI_4_12,both,15+,2016,CY2016Q4,12894.92
MWI_4_12,both,15+,2017,CY2017Q4,14420.539999999999
MWI_4_12,both,15+,2018,CY2018Q4,15298.5
MWI_4_30,both,15+,2011,CY2011Q4,23044.1
MWI_4_30,both,15+,2012,CY2012Q4,29696.48
MWI_4_30,both,15+,2013,CY2013Q4,34605.159999999996
MWI_4_30,both,15+,2014,CY2014Q4,37646.06
MWI_4_30,both,15+,2015,CY2015Q4,40645.6
MWI_4_30,both,15+,2016,CY2016Q4,45269.46
MWI_4_30,both,15+,2017,CY2017Q4,47940
MWI_4_30,both,15+,2018,CY2018Q4,50653.78
MWI_4_22,both,15+,2011,CY2011Q4,11812.039999999999
MWI_4_22,both,15+,2012,CY2012Q4,16024.179999999998
MWI_4_22,both,15+,2013,CY2013Q4,19400.66
MWI_4_22,both,15+,2014,CY2014Q4,23539.48
MWI_4_22,both,15+,2015,CY2015Q4,26300.26
MWI_4_22,both,15+,2016,CY2016Q4,30634.6
MWI_4_22,both,15+,2017,CY2017Q4,34453.82
MWI_4_22,both,15+,2018,CY2018Q4,36660
MWI_4_21,both,15+,2011,CY2011Q4,9488.359999999999
MWI_4_21,both,15+,2012,CY2012Q4,9288.14
MWI_4_21,both,15+,2013,CY2013Q4,9858.72
MWI_4_21,both,15+,2014,CY2014Q4,10976.38
MWI_4_21,both,15+,2015,CY2015Q4,11456.72
MWI_4_21,both,15+,2016,CY2016Q4,12284.859999999999
MWI_4_21,both,15+,2017,CY2017Q4,13033.099999999999
MWI_4_21,both,15+,2018,CY2018Q4,13191.019999999999
